Metric,Value
accuracy,0.5
precision,0.5
recall,1.0
f1,0.6666666666666666
auc,0.6299999999999999
