model,accuracy,precision,recall,f1,auc
SimpleModel,0.4,0.4166666666666667,0.5,0.45454545454545453,0.51
EEGNet,0.45,0.45454545454545453,0.5,0.47619047619047616,0.58
DeepConvNet,0.45,0.47058823529411764,0.8,0.5925925925925926,0.44999999999999996
ShallowConvNet,0.45,0.45454545454545453,0.5,0.47619047619047616,0.53
EEGCNN,0.55,0.5384615384615384,0.7,0.6086956521739131,0.57
EEGLSTM,0.55,0.5384615384615384,0.7,0.6086956521739131,0.56
EEGTransformer,0.5,0.5,0.6,0.5454545454545454,0.53
