model,accuracy,precision,recall,f1,auc
FusionModel,0.795,0.7523809523809524,0.8404255319148937,0.7939698492462312,0.8873946206342834
