model,accuracy,precision,recall,f1,auc
TextSimpleNN,0.875,0.9325842696629213,0.8137254901960784,0.8691099476439791,0.9608843537414965
TextLSTM,0.49,0.0,0.0,0.0,0.49864945978391356
TextCNN,0.92,0.9479166666666666,0.8921568627450981,0.9191919191919192,0.9746898759503801
