model,accuracy,precision,recall,f1,auc
TextCNN,0.925,0.9333333333333333,0.9245283018867925,0.9289099526066351,0.9703934162986754
TextLSTM,0.9,0.8981481481481481,0.9150943396226415,0.9065420560747663,0.9777197912484945
TextBiLSTM,0.905,0.8990825688073395,0.9245283018867925,0.9116279069767442,0.9717984745082295
TextTransformer,0.885,0.9368421052631579,0.839622641509434,0.8855721393034826,0.9712966680048172
